{
  "yellow": {
    "bgr": [
      104.79083460730276,
      138.89718107680855,
      148.6937917292717
    ],
    "hsv": [
      26.951246415235858,
      77.57740045064158,
      149.15291274714457
    ],
    "lab": [
      146.60813966465344,
      126.45268952416286,
      147.53302552122983
    ],
    "weight": 0.6
  },
  "blue": {
    "bgr": [
      117.59520396646514,
      119.89307548799466,
      116.57672808132915
    ],
    "hsv": [
      68.09708274902988,
      14.483917793911456,
      121.01658796168768
    ],
    "lab": [
      126.29831572633941,
      126.359856200908,
      128.81468851563184
    ],
    "weight": 0.4
  }
}